Workbook

Sheet Summary
A1: COMPLETETECH LLC
A2: Northwind Trading Co. time tracking, 2026-07-01 to 2026-07-31
A3: Innovation at Every Integration
A5: Metric | B5: Value | C5: Where to look
A6: My billed time (h), logged basis | B6: ='Time Spent'!E7 -> 13.25 | C6: Time Spent tab; Calendar View shows it per day
A7: same, best case (ignores the held rule) (h) | B7: ='Time Spent'!E9 -> 17.25 | C7: Upper bound only
A8: Days with an actual meeting (day minimum applies) | B8: ='Time Spent'!B5 -> 3 | C8: Meetings tab: held meetings only
A9: Teams sessions I took part in | B9: ='Time Spent'!B2 -> 3 | C9: Teams Sessions tab; every message on Teams Messages
A10: Emails I wrote or drafted | B10: ='Time Spent'!B3 -> 1 | C10: Communications tab
A11: Estimated task effort, likely (h) | B11: =Tasks!I4 -> 4.5 | C11: Range on Tasks tab; estimates, not tracked time
A12: Tasks identified | B12: =COUNTA(Tasks!B2:B3) -> 2 | C12: Tasks tab
A13: of which open or unknown status | B13: =COUNTIFS(Tasks!F2:F3,"Open*")+COUNTIFS(Tasks!F2:F3,"Unknown*") -> 1
A14: Evidence: email from the organization (staff) | B14: =COUNTIFS(Communications!C2:C13,"Email",Communications!D2:D13,"Staff") -> 1 | C14: Communications tab
A15: Evidence: related email (not from the domain) | B15: =COUNTIFS(Communications!C2:C13,"Email",Communications!D2:D13,"Related") -> 1 | C15: Communications tab
A16: Evidence: automated alerts / system mail | B16: =COUNTIFS(Communications!C2:C13,"Email",Communications!D2:D13,"Alert / system") -> 2 | C16: Alert Rollup tab by type and month
A17: Evidence: Teams messages | B17: =COUNTIFS(Communications!C2:C13,"Teams") -> 8 | C17: Teams Messages tab
A18: Evidence: Teams messages written by me | B18: =COUNTIFS(Communications!C2:C13,"Teams",Communications!H2:H13,"Author") -> 3
A20: Notes
A21: Billing parameters (Time Spent tab): minimum per lapse 15 min, increment 15 min, meeting-day minimum 240 min, assumed 5 min per email. Yellow cells are inputs; all totals are formulas.
A22: Evidence rows (email, Teams) support the time figures above; email times are not captured, so email dates are day-level only.
A23: A meeting counts as held only if there was Teams conversation that day (rule parameter in the config).
A24: Secrets found in chats were redacted; rotate them if still live.

Sheet Time Spent
A1: Category | B1: Count | C1: Minutes each | D1: Total (min) | E1: Total (h) | F1: Basis | H1: Include unconfirmed items? (Yes/No) | I1: No
A2: Teams chat sessions I took part in | B2: =COUNTA('Teams Sessions'!A2:A4) -> 3 | D2: ='Teams Sessions'!H6 -> 60 | E2: =D2/60 -> 1 | F2: Computed from message timestamps (see Teams Sessions), billed per session | H2: Meeting basis (Logged / Best case) | I2: Logged
A3: Email messages I wrote or drafted | B3: =COUNTIFS(Communications!C2:C13,"Email",Communications!H2:H13,"Author*") -> 1 | C3: 5 | D3: =B3*$I$5 -> 15 | E3: =D3/60 -> 0.25 | F3: Actual effort assumed per message (yellow); billed per message follows I3/I4 | H3: Minimum billable per lapse of time (min) | I3: 15
A4: Held meetings (Teams card minutes where recorded) | B4: =COUNTIFS(Meetings!K2:K8,">0") -> 1 | D4: =SUM(Meetings!K2:K8) -> 45 | E4: =D4/60 -> 0.75 | F4: Sum of 'Meeting ended' durations in Teams for held meetings; see Meetings tab | H4: Billing increment: round each lapse up to (min) | I4: 15
A5: Meeting-day minimum top-up (a day with an actual meeting bills at least the day minimum, I7) | B5: =COUNTIFS('Daily Time'!M2:M32,">0") -> 3 | D5: =SUM('Daily Time'!M2:M32) -> 675 | E5: =D5/60 -> 11.25 | F5: Held meetings only (scheduled and Teams conversation that day; not cancelled or postponed). Top-up = day minimum minus the meeting minutes already billed that day. Edit which meetings qualify on the Meetings tab, columns M and N. | H5: Billed minutes per email written | I5: =CEILING(MAX(C3,I3),I4) -> 15
A6: Unconfirmed recurring items (only counted if toggle = Yes) | B6: =COUNTIFS(Meetings!D2:D8,"Unconfirmed*",Meetings!A2:A8,"<="&DATE(2026,7,31)) -> 2 | D6: =IF($I$1="Yes",SUMIFS(Meetings!G2:G8,Meetings!D2:D8,"Unconfirmed*",Meetings!A2:A8,"<="&DATE(2026,7,31)),0) -> 0 | E6: =D6/60 -> 0 | F6: Scheduled minutes in the period; awaiting confirmation they are work | H6: A lapse = one Teams session, one email written, or one meeting. Each lapse is raised to the minimum (I3), then rounded up to the increment (I4). Set I3 to 0 and I4 to 1 to see actual minutes.
A7: Total billed time (logged basis) | D7: =SUM(D2:D6) -> 795 | E7: =D7/60 -> 13.25 | H7: Minimum billed for a day with an actual meeting (min) | I7: 240
A8: Best-case meetings incl. day minimum (ignores the held rule: every scheduled, non-cancelled call counted as held) | B8: =COUNTIFS(Meetings!L2:L8,">0") -> 4 | D8: =SUM(Meetings!L2:L8)+SUM('Daily Time'!P2:P32) -> 960 | E8: =D8/60 -> 16 | F8: Upper bound only
A9: Total using the best-case meeting figure | D9: =D2+D3+D8+D6 -> 1035 | E9: =D9/60 -> 17.25
A11: Not included: reading time, phone calls, and work done after a chat or meeting (see Tasks). Meeting transcripts/recaps were not retrieved. Estimates, not tracked time.

Sheet Calendar View
B1: Time spent per day (minutes)
B2: Click any day to jump to its events on Day Detail. Linked to Daily Time, which sums the Time Spent line items. Billing settings, basis and toggle are on the Time Spent tab.
B3: ="Meeting basis: "&'Time Spent'!I2&" | Unconfirmed items: "&'Time Spent'!I1&" | Grand total: "&TEXT('Daily Time'!H33/60,"0.0")&" h" -> Meeting basis: Logged | Unconfirmed items: No | Grand total: 13.3 h
B5: 46204
B6: Sun | C6: Mon | D6: Tue | E6: Wed | F6: Thu | G6: Fri | H6: Sat | I6: Week
E7: 46204 | F7: 46205 | G7: 46206 | H7: 46207
E8: =IFERROR(INDEX('Daily Time'!$H$2:$H$32,MATCH(E7,'Daily Time'!$A$2:$A$32,0)),0) -> 270 | F8: =IFERROR(INDEX('Daily Time'!$H$2:$H$32,MATCH(F7,'Daily Time'!$A$2:$A$32,0)),0) -> 15 | G8: =IFERROR(INDEX('Daily Time'!$H$2:$H$32,MATCH(G7,'Daily Time'!$A$2:$A$32,0)),0) -> 0 | H8: =IFERROR(INDEX('Daily Time'!$H$2:$H$32,MATCH(H7,'Daily Time'!$A$2:$A$32,0)),0) -> 0 | I8: =SUM(B8:H8) -> 285
B9: 46208 | C9: 46209 | D9: 46210 | E9: 46211 | F9: 46212 | G9: 46213 | H9: 46214
B10: =IFERROR(INDEX('Daily Time'!$H$2:$H$32,MATCH(B9,'Daily Time'!$A$2:$A$32,0)),0) -> 0 | C10: =IFERROR(INDEX('Daily Time'!$H$2:$H$32,MATCH(C9,'Daily Time'!$A$2:$A$32,0)),0) -> 255 | D10: =IFERROR(INDEX('Daily Time'!$H$2:$H$32,MATCH(D9,'Daily Time'!$A$2:$A$32,0)),0) -> 0 | E10: =IFERROR(INDEX('Daily Time'!$H$2:$H$32,MATCH(E9,'Daily Time'!$A$2:$A$32,0)),0) -> 0 | F10: =IFERROR(INDEX('Daily Time'!$H$2:$H$32,MATCH(F9,'Daily Time'!$A$2:$A$32,0)),0) -> 0 | G10: =IFERROR(INDEX('Daily Time'!$H$2:$H$32,MATCH(G9,'Daily Time'!$A$2:$A$32,0)),0) -> 0 | H10: =IFERROR(INDEX('Daily Time'!$H$2:$H$32,MATCH(H9,'Daily Time'!$A$2:$A$32,0)),0) -> 0 | I10: =SUM(B10:H10) -> 255
B11: 46215 | C11: 46216 | D11: 46217 | E11: 46218 | F11: 46219 | G11: 46220 | H11: 46221
B12: =IFERROR(INDEX('Daily Time'!$H$2:$H$32,MATCH(B11,'Daily Time'!$A$2:$A$32,0)),0) -> 0 | C12: =IFERROR(INDEX('Daily Time'!$H$2:$H$32,MATCH(C11,'Daily Time'!$A$2:$A$32,0)),0) -> 0 | D12: =IFERROR(INDEX('Daily Time'!$H$2:$H$32,MATCH(D11,'Daily Time'!$A$2:$A$32,0)),0) -> 0 | E12: =IFERROR(INDEX('Daily Time'!$H$2:$H$32,MATCH(E11,'Daily Time'!$A$2:$A$32,0)),0) -> 255 | F12: =IFERROR(INDEX('Daily Time'!$H$2:$H$32,MATCH(F11,'Daily Time'!$A$2:$A$32,0)),0) -> 0 | G12: =IFERROR(INDEX('Daily Time'!$H$2:$H$32,MATCH(G11,'Daily Time'!$A$2:$A$32,0)),0) -> 0 | H12: =IFERROR(INDEX('Daily Time'!$H$2:$H$32,MATCH(H11,'Daily Time'!$A$2:$A$32,0)),0) -> 0 | I12: =SUM(B12:H12) -> 255
B13: 46222 | C13: 46223 | D13: 46224 | E13: 46225 | F13: 46226 | G13: 46227 | H13: 46228
B14: =IFERROR(INDEX('Daily Time'!$H$2:$H$32,MATCH(B13,'Daily Time'!$A$2:$A$32,0)),0) -> 0 | C14: =IFERROR(INDEX('Daily Time'!$H$2:$H$32,MATCH(C13,'Daily Time'!$A$2:$A$32,0)),0) -> 0 | D14: =IFERROR(INDEX('Daily Time'!$H$2:$H$32,MATCH(D13,'Daily Time'!$A$2:$A$32,0)),0) -> 0 | E14: =IFERROR(INDEX('Daily Time'!$H$2:$H$32,MATCH(E13,'Daily Time'!$A$2:$A$32,0)),0) -> 0 | F14: =IFERROR(INDEX('Daily Time'!$H$2:$H$32,MATCH(F13,'Daily Time'!$A$2:$A$32,0)),0) -> 0 | G14: =IFERROR(INDEX('Daily Time'!$H$2:$H$32,MATCH(G13,'Daily Time'!$A$2:$A$32,0)),0) -> 0 | H14: =IFERROR(INDEX('Daily Time'!$H$2:$H$32,MATCH(H13,'Daily Time'!$A$2:$A$32,0)),0) -> 0 | I14: =SUM(B14:H14) -> 0
B15: 46229 | C15: 46230 | D15: 46231 | E15: 46232 | F15: 46233 | G15: 46234
B16: =IFERROR(INDEX('Daily Time'!$H$2:$H$32,MATCH(B15,'Daily Time'!$A$2:$A$32,0)),0) -> 0 | C16: =IFERROR(INDEX('Daily Time'!$H$2:$H$32,MATCH(C15,'Daily Time'!$A$2:$A$32,0)),0) -> 0 | D16: =IFERROR(INDEX('Daily Time'!$H$2:$H$32,MATCH(D15,'Daily Time'!$A$2:$A$32,0)),0) -> 0 | E16: =IFERROR(INDEX('Daily Time'!$H$2:$H$32,MATCH(E15,'Daily Time'!$A$2:$A$32,0)),0) -> 0 | F16: =IFERROR(INDEX('Daily Time'!$H$2:$H$32,MATCH(F15,'Daily Time'!$A$2:$A$32,0)),0) -> 0 | G16: =IFERROR(INDEX('Daily Time'!$H$2:$H$32,MATCH(G15,'Daily Time'!$A$2:$A$32,0)),0) -> 0 | I16: =SUM(B16:H16) -> 0
H17: Month total | I17: =SUM(E8,F8,G8,H8,B10,C10,D10,E10,F10,G10,H10,B12,C12,D12,E12,F12,G12,H12,B14,C14,D14,E14,F14,G14,H14,B16,C16,D16,E16,F16,G16) -> 795
H18: (hours) | I18: =I17/60 -> 13.25
B20: Shading: white = none, light brand tint about 60 min, full tint 240 min or more. See Daily Time for the split.

Sheet Daily Time
A1: Date | B1: Day | C1: ='Time Spent'!A2 -> Teams chat sessions I took part in | D1: ='Time Spent'!A3 -> Email messages I wrote or drafted | E1: ='Time Spent'!A4 -> Held meetings (Teams card minutes where recorded) | F1: ='Time Spent'!A5 -> Meeting-day minimum top-up (a day with an actual meeting bills at least the day minimum, I7) | G1: ='Time Spent'!A6 -> Unconfirmed recurring items (only counted if toggle = Yes) | H1: Total (min) | I1: Total (h) | K1: helper: meeting min (logged) | L1: helper: qualifying meetings (logged) | M1: Top-up (logged) | N1: helper: meeting min (best) | O1: helper: qualifying meetings (best) | P1: Top-up (best)
A2: 46204 | B2: =TEXT(A2,"ddd") -> Wed | C2: =SUMIFS('Teams Sessions'!$H$2:$H$4,'Teams Sessions'!$A$2:$A$4,A2) -> 30 | D2: =COUNTIFS(Communications!$A$2:$A$13,A2,Communications!$C$2:$C$13,"Email",Communications!$H$2:$H$13,"Author*")*'Time Spent'!$I$5 -> 0 | E2: =IF('Time Spent'!$I$2="Best case",N2,K2) -> 0 | F2: =IF('Time Spent'!$I$2="Best case",P2,M2) -> 240 | G2: =IF('Time Spent'!$I$1="Yes",SUMIFS(Meetings!$G$2:$G$8,Meetings!$D$2:$D$8,"Unconfirmed*",Meetings!$A$2:$A$8,A2),0) -> 0 | H2: =SUM(C2:G2) -> 270 | I2: =H2/60 -> 4.5 | K2: =SUMIFS(Meetings!$K$2:$K$8,Meetings!$A$2:$A$8,A2) -> 0 | L2: =SUMIFS(Meetings!$M$2:$M$8,Meetings!$A$2:$A$8,A2) -> 1 | M2: =IF(L2>0,MAX(0,'Time Spent'!$I$7-K2),0) -> 240 | N2: =SUMIFS(Meetings!$L$2:$L$8,Meetings!$A$2:$A$8,A2) -> 60 | O2: =SUMIFS(Meetings!$N$2:$N$8,Meetings!$A$2:$A$8,A2) -> 1 | P2: =IF(O2>0,MAX(0,'Time Spent'!$I$7-N2),0) -> 180
A3: 46205 | B3: =TEXT(A3,"ddd") -> Thu | C3: =SUMIFS('Teams Sessions'!$H$2:$H$4,'Teams Sessions'!$A$2:$A$4,A3) -> 0 | D3: =COUNTIFS(Communications!$A$2:$A$13,A3,Communications!$C$2:$C$13,"Email",Communications!$H$2:$H$13,"Author*")*'Time Spent'!$I$5 -> 15 | E3: =IF('Time Spent'!$I$2="Best case",N3,K3) -> 0 | F3: =IF('Time Spent'!$I$2="Best case",P3,M3) -> 0 | G3: =IF('Time Spent'!$I$1="Yes",SUMIFS(Meetings!$G$2:$G$8,Meetings!$D$2:$D$8,"Unconfirmed*",Meetings!$A$2:$A$8,A3),0) -> 0 | H3: =SUM(C3:G3) -> 15 | I3: =H3/60 -> 0.25 | K3: =SUMIFS(Meetings!$K$2:$K$8,Meetings!$A$2:$A$8,A3) -> 0 | L3: =SUMIFS(Meetings!$M$2:$M$8,Meetings!$A$2:$A$8,A3) -> 0 | M3: =IF(L3>0,MAX(0,'Time Spent'!$I$7-K3),0) -> 0 | N3: =SUMIFS(Meetings!$L$2:$L$8,Meetings!$A$2:$A$8,A3) -> 0 | O3: =SUMIFS(Meetings!$N$2:$N$8,Meetings!$A$2:$A$8,A3) -> 0 | P3: =IF(O3>0,MAX(0,'Time Spent'!$I$7-N3),0) -> 0
A4: 46206 | B4: =TEXT(A4,"ddd") -> Fri | C4: =SUMIFS('Teams Sessions'!$H$2:$H$4,'Teams Sessions'!$A$2:$A$4,A4) -> 0 | D4: =COUNTIFS(Communications!$A$2:$A$13,A4,Communications!$C$2:$C$13,"Email",Communications!$H$2:$H$13,"Author*")*'Time Spent'!$I$5 -> 0 | E4: =IF('Time Spent'!$I$2="Best case",N4,K4) -> 0 | F4: =IF('Time Spent'!$I$2="Best case",P4,M4) -> 0 | G4: =IF('Time Spent'!$I$1="Yes",SUMIFS(Meetings!$G$2:$G$8,Meetings!$D$2:$D$8,"Unconfirmed*",Meetings!$A$2:$A$8,A4),0) -> 0 | H4: =SUM(C4:G4) -> 0 | I4: =H4/60 -> 0 | K4: =SUMIFS(Meetings!$K$2:$K$8,Meetings!$A$2:$A$8,A4) -> 0 | L4: =SUMIFS(Meetings!$M$2:$M$8,Meetings!$A$2:$A$8,A4) -> 0 | M4: =IF(L4>0,MAX(0,'Time Spent'!$I$7-K4),0) -> 0 | N4: =SUMIFS(Meetings!$L$2:$L$8,Meetings!$A$2:$A$8,A4) -> 0 | O4: =SUMIFS(Meetings!$N$2:$N$8,Meetings!$A$2:$A$8,A4) -> 0 | P4: =IF(O4>0,MAX(0,'Time Spent'!$I$7-N4),0) -> 0
A5: 46207 | B5: =TEXT(A5,"ddd") -> Sat | C5: =SUMIFS('Teams Sessions'!$H$2:$H$4,'Teams Sessions'!$A$2:$A$4,A5) -> 0 | D5: =COUNTIFS(Communications!$A$2:$A$13,A5,Communications!$C$2:$C$13,"Email",Communications!$H$2:$H$13,"Author*")*'Time Spent'!$I$5 -> 0 | E5: =IF('Time Spent'!$I$2="Best case",N5,K5) -> 0 | F5: =IF('Time Spent'!$I$2="Best case",P5,M5) -> 0 | G5: =IF('Time Spent'!$I$1="Yes",SUMIFS(Meetings!$G$2:$G$8,Meetings!$D$2:$D$8,"Unconfirmed*",Meetings!$A$2:$A$8,A5),0) -> 0 | H5: =SUM(C5:G5) -> 0 | I5: =H5/60 -> 0 | K5: =SUMIFS(Meetings!$K$2:$K$8,Meetings!$A$2:$A$8,A5) -> 0 | L5: =SUMIFS(Meetings!$M$2:$M$8,Meetings!$A$2:$A$8,A5) -> 0 | M5: =IF(L5>0,MAX(0,'Time Spent'!$I$7-K5),0) -> 0 | N5: =SUMIFS(Meetings!$L$2:$L$8,Meetings!$A$2:$A$8,A5) -> 0 | O5: =SUMIFS(Meetings!$N$2:$N$8,Meetings!$A$2:$A$8,A5) -> 0 | P5: =IF(O5>0,MAX(0,'Time Spent'!$I$7-N5),0) -> 0
A6: 46208 | B6: =TEXT(A6,"ddd") -> Sun | C6: =SUMIFS('Teams Sessions'!$H$2:$H$4,'Teams Sessions'!$A$2:$A$4,A6) -> 0 | D6: =COUNTIFS(Communications!$A$2:$A$13,A6,Communications!$C$2:$C$13,"Email",Communications!$H$2:$H$13,"Author*")*'Time Spent'!$I$5 -> 0 | E6: =IF('Time Spent'!$I$2="Best case",N6,K6) -> 0 | F6: =IF('Time Spent'!$I$2="Best case",P6,M6) -> 0 | G6: =IF('Time Spent'!$I$1="Yes",SUMIFS(Meetings!$G$2:$G$8,Meetings!$D$2:$D$8,"Unconfirmed*",Meetings!$A$2:$A$8,A6),0) -> 0 | H6: =SUM(C6:G6) -> 0 | I6: =H6/60 -> 0 | K6: =SUMIFS(Meetings!$K$2:$K$8,Meetings!$A$2:$A$8,A6) -> 0 | L6: =SUMIFS(Meetings!$M$2:$M$8,Meetings!$A$2:$A$8,A6) -> 0 | M6: =IF(L6>0,MAX(0,'Time Spent'!$I$7-K6),0) -> 0 | N6: =SUMIFS(Meetings!$L$2:$L$8,Meetings!$A$2:$A$8,A6) -> 0 | O6: =SUMIFS(Meetings!$N$2:$N$8,Meetings!$A$2:$A$8,A6) -> 0 | P6: =IF(O6>0,MAX(0,'Time Spent'!$I$7-N6),0) -> 0
A7: 46209 | B7: =TEXT(A7,"ddd") -> Mon | C7: =SUMIFS('Teams Sessions'!$H$2:$H$4,'Teams Sessions'!$A$2:$A$4,A7) -> 15 | D7: =COUNTIFS(Communications!$A$2:$A$13,A7,Communications!$C$2:$C$13,"Email",Communications!$H$2:$H$13,"Author*")*'Time Spent'!$I$5 -> 0 | E7: =IF('Time Spent'!$I$2="Best case",N7,K7) -> 0 | F7: =IF('Time Spent'!$I$2="Best case",P7,M7) -> 240 | G7: =IF('Time Spent'!$I$1="Yes",SUMIFS(Meetings!$G$2:$G$8,Meetings!$D$2:$D$8,"Unconfirmed*",Meetings!$A$2:$A$8,A7),0) -> 0 | H7: =SUM(C7:G7) -> 255 | I7: =H7/60 -> 4.25 | K7: =SUMIFS(Meetings!$K$2:$K$8,Meetings!$A$2:$A$8,A7) -> 0 | L7: =SUMIFS(Meetings!$M$2:$M$8,Meetings!$A$2:$A$8,A7) -> 1 | M7: =IF(L7>0,MAX(0,'Time Spent'!$I$7-K7),0) -> 240 | N7: =SUMIFS(Meetings!$L$2:$L$8,Meetings!$A$2:$A$8,A7) -> 30 | O7: =SUMIFS(Meetings!$N$2:$N$8,Meetings!$A$2:$A$8,A7) -> 1 | P7: =IF(O7>0,MAX(0,'Time Spent'!$I$7-N7),0) -> 210
A8: 46210 | B8: =TEXT(A8,"ddd") -> Tue | C8: =SUMIFS('Teams Sessions'!$H$2:$H$4,'Teams Sessions'!$A$2:$A$4,A8) -> 0 | D8: =COUNTIFS(Communications!$A$2:$A$13,A8,Communications!$C$2:$C$13,"Email",Communications!$H$2:$H$13,"Author*")*'Time Spent'!$I$5 -> 0 | E8: =IF('Time Spent'!$I$2="Best case",N8,K8) -> 0 | F8: =IF('Time Spent'!$I$2="Best case",P8,M8) -> 0 | G8: =IF('Time Spent'!$I$1="Yes",SUMIFS(Meetings!$G$2:$G$8,Meetings!$D$2:$D$8,"Unconfirmed*",Meetings!$A$2:$A$8,A8),0) -> 0 | H8: =SUM(C8:G8) -> 0 | I8: =H8/60 -> 0 | K8: =SUMIFS(Meetings!$K$2:$K$8,Meetings!$A$2:$A$8,A8) -> 0 | L8: =SUMIFS(Meetings!$M$2:$M$8,Meetings!$A$2:$A$8,A8) -> 0 | M8: =IF(L8>0,MAX(0,'Time Spent'!$I$7-K8),0) -> 0 | N8: =SUMIFS(Meetings!$L$2:$L$8,Meetings!$A$2:$A$8,A8) -> 0 | O8: =SUMIFS(Meetings!$N$2:$N$8,Meetings!$A$2:$A$8,A8) -> 0 | P8: =IF(O8>0,MAX(0,'Time Spent'!$I$7-N8),0) -> 0
A9: 46211 | B9: =TEXT(A9,"ddd") -> Wed | C9: =SUMIFS('Teams Sessions'!$H$2:$H$4,'Teams Sessions'!$A$2:$A$4,A9) -> 0 | D9: =COUNTIFS(Communications!$A$2:$A$13,A9,Communications!$C$2:$C$13,"Email",Communications!$H$2:$H$13,"Author*")*'Time Spent'!$I$5 -> 0 | E9: =IF('Time Spent'!$I$2="Best case",N9,K9) -> 0 | F9: =IF('Time Spent'!$I$2="Best case",P9,M9) -> 0 | G9: =IF('Time Spent'!$I$1="Yes",SUMIFS(Meetings!$G$2:$G$8,Meetings!$D$2:$D$8,"Unconfirmed*",Meetings!$A$2:$A$8,A9),0) -> 0 | H9: =SUM(C9:G9) -> 0 | I9: =H9/60 -> 0 | K9: =SUMIFS(Meetings!$K$2:$K$8,Meetings!$A$2:$A$8,A9) -> 0 | L9: =SUMIFS(Meetings!$M$2:$M$8,Meetings!$A$2:$A$8,A9) -> 0 | M9: =IF(L9>0,MAX(0,'Time Spent'!$I$7-K9),0) -> 0 | N9: =SUMIFS(Meetings!$L$2:$L$8,Meetings!$A$2:$A$8,A9) -> 60 | O9: =SUMIFS(Meetings!$N$2:$N$8,Meetings!$A$2:$A$8,A9) -> 1 | P9: =IF(O9>0,MAX(0,'Time Spent'!$I$7-N9),0) -> 180
A10: 46212 | B10: =TEXT(A10,"ddd") -> Thu | C10: =SUMIFS('Teams Sessions'!$H$2:$H$4,'Teams Sessions'!$A$2:$A$4,A10) -> 0 | D10: =COUNTIFS(Communications!$A$2:$A$13,A10,Communications!$C$2:$C$13,"Email",Communications!$H$2:$H$13,"Author*")*'Time Spent'!$I$5 -> 0 | E10: =IF('Time Spent'!$I$2="Best case",N10,K10) -> 0 | F10: =IF('Time Spent'!$I$2="Best case",P10,M10) -> 0 | G10: =IF('Time Spent'!$I$1="Yes",SUMIFS(Meetings!$G$2:$G$8,Meetings!$D$2:$D$8,"Unconfirmed*",Meetings!$A$2:$A$8,A10),0) -> 0 | H10: =SUM(C10:G10) -> 0 | I10: =H10/60 -> 0 | K10: =SUMIFS(Meetings!$K$2:$K$8,Meetings!$A$2:$A$8,A10) -> 0 | L10: =SUMIFS(Meetings!$M$2:$M$8,Meetings!$A$2:$A$8,A10) -> 0 | M10: =IF(L10>0,MAX(0,'Time Spent'!$I$7-K10),0) -> 0 | N10: =SUMIFS(Meetings!$L$2:$L$8,Meetings!$A$2:$A$8,A10) -> 0 | O10: =SUMIFS(Meetings!$N$2:$N$8,Meetings!$A$2:$A$8,A10) -> 0 | P10: =IF(O10>0,MAX(0,'Time Spent'!$I$7-N10),0) -> 0
A11: 46213 | B11: =TEXT(A11,"ddd") -> Fri | C11: =SUMIFS('Teams Sessions'!$H$2:$H$4,'Teams Sessions'!$A$2:$A$4,A11) -> 0 | D11: =COUNTIFS(Communications!$A$2:$A$13,A11,Communications!$C$2:$C$13,"Email",Communications!$H$2:$H$13,"Author*")*'Time Spent'!$I$5 -> 0 | E11: =IF('Time Spent'!$I$2="Best case",N11,K11) -> 0 | F11: =IF('Time Spent'!$I$2="Best case",P11,M11) -> 0 | G11: =IF('Time Spent'!$I$1="Yes",SUMIFS(Meetings!$G$2:$G$8,Meetings!$D$2:$D$8,"Unconfirmed*",Meetings!$A$2:$A$8,A11),0) -> 0 | H11: =SUM(C11:G11) -> 0 | I11: =H11/60 -> 0 | K11: =SUMIFS(Meetings!$K$2:$K$8,Meetings!$A$2:$A$8,A11) -> 0 | L11: =SUMIFS(Meetings!$M$2:$M$8,Meetings!$A$2:$A$8,A11) -> 0 | M11: =IF(L11>0,MAX(0,'Time Spent'!$I$7-K11),0) -> 0 | N11: =SUMIFS(Meetings!$L$2:$L$8,Meetings!$A$2:$A$8,A11) -> 0 | O11: =SUMIFS(Meetings!$N$2:$N$8,Meetings!$A$2:$A$8,A11) -> 0 | P11: =IF(O11>0,MAX(0,'Time Spent'!$I$7-N11),0) -> 0
A12: 46214 | B12: =TEXT(A12,"ddd") -> Sat | C12: =SUMIFS('Teams Sessions'!$H$2:$H$4,'Teams Sessions'!$A$2:$A$4,A12) -> 0 | D12: =COUNTIFS(Communications!$A$2:$A$13,A12,Communications!$C$2:$C$13,"Email",Communications!$H$2:$H$13,"Author*")*'Time Spent'!$I$5 -> 0 | E12: =IF('Time Spent'!$I$2="Best case",N12,K12) -> 0 | F12: =IF('Time Spent'!$I$2="Best case",P12,M12) -> 0 | G12: =IF('Time Spent'!$I$1="Yes",SUMIFS(Meetings!$G$2:$G$8,Meetings!$D$2:$D$8,"Unconfirmed*",Meetings!$A$2:$A$8,A12),0) -> 0 | H12: =SUM(C12:G12) -> 0 | I12: =H12/60 -> 0 | K12: =SUMIFS(Meetings!$K$2:$K$8,Meetings!$A$2:$A$8,A12) -> 0 | L12: =SUMIFS(Meetings!$M$2:$M$8,Meetings!$A$2:$A$8,A12) -> 0 | M12: =IF(L12>0,MAX(0,'Time Spent'!$I$7-K12),0) -> 0 | N12: =SUMIFS(Meetings!$L$2:$L$8,Meetings!$A$2:$A$8,A12) -> 0 | O12: =SUMIFS(Meetings!$N$2:$N$8,Meetings!$A$2:$A$8,A12) -> 0 | P12: =IF(O12>0,MAX(0,'Time Spent'!$I$7-N12),0) -> 0
A13: 46215 | B13: =TEXT(A13,"ddd") -> Sun | C13: =SUMIFS('Teams Sessions'!$H$2:$H$4,'Teams Sessions'!$A$2:$A$4,A13) -> 0 | D13: =COUNTIFS(Communications!$A$2:$A$13,A13,Communications!$C$2:$C$13,"Email",Communications!$H$2:$H$13,"Author*")*'Time Spent'!$I$5 -> 0 | E13: =IF('Time Spent'!$I$2="Best case",N13,K13) -> 0 | F13: =IF('Time Spent'!$I$2="Best case",P13,M13) -> 0 | G13: =IF('Time Spent'!$I$1="Yes",SUMIFS(Meetings!$G$2:$G$8,Meetings!$D$2:$D$8,"Unconfirmed*",Meetings!$A$2:$A$8,A13),0) -> 0 | H13: =SUM(C13:G13) -> 0 | I13: =H13/60 -> 0 | K13: =SUMIFS(Meetings!$K$2:$K$8,Meetings!$A$2:$A$8,A13) -> 0 | L13: =SUMIFS(Meetings!$M$2:$M$8,Meetings!$A$2:$A$8,A13) -> 0 | M13: =IF(L13>0,MAX(0,'Time Spent'!$I$7-K13),0) -> 0 | N13: =SUMIFS(Meetings!$L$2:$L$8,Meetings!$A$2:$A$8,A13) -> 0 | O13: =SUMIFS(Meetings!$N$2:$N$8,Meetings!$A$2:$A$8,A13) -> 0 | P13: =IF(O13>0,MAX(0,'Time Spent'!$I$7-N13),0) -> 0
... A32: 46234 | B32: =TEXT(A32,"ddd") -> Fri | C32: =SUMIFS('Teams Sessions'!$H$2:$H$4,'Teams Sessions'!$A$2:$A$4,A32) -> 0 | D32: =COUNTIFS(Communications!$A$2:$A$13,A32,Communications!$C$2:$C$13,"Email",Communications!$H$2:$H$13,"Author*")*'Time Spent'!$I$5 -> 0 | E32: =IF('Time Spent'!$I$2="Best case",N32,K32) -> 0 | F32: =IF('Time Spent'!$I$2="Best case",P32,M32) -> 0 | G32: =IF('Time Spent'!$I$1="Yes",SUMIFS(Meetings!$G$2:$G$8,Meetings!$D$2:$D$8,"Unconfirmed*",Meetings!$A$2:$A$8,A32),0) -> 0 | H32: =SUM(C32:G32) -> 0 | I32: =H32/60 -> 0 | K32: =SUMIFS(Meetings!$K$2:$K$8,Meetings!$A$2:$A$8,A32) -> 0 | L32: =SUMIFS(Meetings!$M$2:$M$8,Meetings!$A$2:$A$8,A32) -> 0 | M32: =IF(L32>0,MAX(0,'Time Spent'!$I$7-K32),0) -> 0 | N32: =SUMIFS(Meetings!$L$2:$L$8,Meetings!$A$2:$A$8,A32) -> 0 | O32: =SUMIFS(Meetings!$N$2:$N$8,Meetings!$A$2:$A$8,A32) -> 0 | P32: =IF(O32>0,MAX(0,'Time Spent'!$I$7-N32),0) -> 0
A33: Total | C33: =SUM(C2:C32) -> 60 | D33: =SUM(D2:D32) -> 15 | E33: =SUM(E2:E32) -> 45 | F33: =SUM(F2:F32) -> 675 | G33: =SUM(G2:G32) -> 0 | H33: =SUM(H2:H32) -> 795 | I33: =SUM(I2:I32) -> 13.25
A34: Check vs Time Spent | H34: =IF('Time Spent'!$I$2="Best case",'Time Spent'!D9,'Time Spent'!D7) -> 795 | I34: =IF(ROUND(H33-H34,0)=0,"ties","MISMATCH") -> ties
A36: Each column is a formula over the same source tab as its Time Spent line item. The day-minimum top-up = Time Spent I7 minus that day's billed meeting minutes, only on days with a qualifying meeting (Meetings columns M and N). Columns K to P are helpers.

Sheet Day Detail
A1: Date | B1: Day | C1: Type | D1: Event | E1: Start | F1: End | G1: Minutes counted | H1: Hours (decimal) | I1: Time (h:mm) | J1: Day total (h) | K1: Source (click) | M1: Back to Calendar View
A2: 46204 | B2: =TEXT(A2,"ddd") -> Wed | C2: Teams chat | D2: Riley Chen (1:1) (3 messages, 1 mine) | E2: 0.37847222 | F2: 0.38888889 | G2: ='Teams Sessions'!H2 -> 30 | H2: =G2/60 -> 0.5 | I2: =TEXT(G2/1440,"h:mm") -> 0:30 | J2: =SUMIFS($G$2:$G$16,$A$2:$A$16,A2)/60 -> 4.5 | K2: Teams Messages row
A3: 46204 | B3: =TEXT(A3,"ddd") -> Wed | C3: Meeting | D3: Weekly sync [Held (conversation that day)] | E3: 0.54166667 | F3: 0.58333333 | G3: =IF('Time Spent'!$I$2="Best case",Meetings!L2,Meetings!K2) -> 0 | H3: =G3/60 -> 0 | I3: =TEXT(G3/1440,"h:mm") -> 0:00 | J3: =SUMIFS($G$2:$G$16,$A$2:$A$16,A3)/60 -> 4.5 | K3: Meetings row
A4: 46204 | B4: =TEXT(A4,"ddd") -> Wed | C4: Meeting-day minimum | D4: Top-up to the day minimum for a day with an actual meeting (0 unless the meeting qualifies) | G4: ='Daily Time'!F2 -> 240 | H4: =G4/60 -> 4 | I4: =TEXT(G4/1440,"h:mm") -> 4:00 | J4: =SUMIFS($G$2:$G$16,$A$2:$A$16,A4)/60 -> 4.5 | K4: Daily Time row
A5: 46205 | B5: =TEXT(A5,"ddd") -> Thu | C5: Email written | D5: Pat Example: Quote request for 5 licences | G5: ='Time Spent'!$I$5 -> 15 | H5: =G5/60 -> 0.25 | I5: =TEXT(G5/1440,"h:mm") -> 0:15 | J5: =SUMIFS($G$2:$G$16,$A$2:$A$16,A5)/60 -> 0.25 | K5: Communications row
A6: 46205 | B6: =TEXT(A6,"ddd") -> Thu | C6: Unconfirmed item | D6: Gym block [Scheduled, no record] | E6: 0.70833333 | F6: 0.75 | G6: =IF('Time Spent'!$I$1="Yes",Meetings!G3,0) -> 0 | H6: =G6/60 -> 0 | I6: =TEXT(G6/1440,"h:mm") -> 0:00 | J6: =SUMIFS($G$2:$G$16,$A$2:$A$16,A6)/60 -> 0.25 | K6: Meetings row
A7: 46209 | B7: =TEXT(A7,"ddd") -> Mon | C7: Teams chat | D7: Riley Chen (1:1) (2 messages, 1 mine) | E7: 0.41666667 | F7: 0.41805556 | G7: ='Teams Sessions'!H3 -> 15 | H7: =G7/60 -> 0.25 | I7: =TEXT(G7/1440,"h:mm") -> 0:15 | J7: =SUMIFS($G$2:$G$16,$A$2:$A$16,A7)/60 -> 4.25 | K7: Teams Messages row
A8: 46209 | B8: =TEXT(A8,"ddd") -> Mon | C8: Meeting | D8: Planning [Held (conversation that day)] | E8: 0.54166667 | F8: 0.5625 | G8: =IF('Time Spent'!$I$2="Best case",Meetings!L4,Meetings!K4) -> 0 | H8: =G8/60 -> 0 | I8: =TEXT(G8/1440,"h:mm") -> 0:00 | J8: =SUMIFS($G$2:$G$16,$A$2:$A$16,A8)/60 -> 4.25 | K8: Meetings row
A9: 46209 | B9: =TEXT(A9,"ddd") -> Mon | C9: Meeting-day minimum | D9: Top-up to the day minimum for a day with an actual meeting (0 unless the meeting qualifies) | G9: ='Daily Time'!F7 -> 240 | H9: =G9/60 -> 4 | I9: =TEXT(G9/1440,"h:mm") -> 4:00 | J9: =SUMIFS($G$2:$G$16,$A$2:$A$16,A9)/60 -> 4.25 | K9: Daily Time row
A10: 46211 | B10: =TEXT(A10,"ddd") -> Wed | C10: Meeting | D10: Weekly sync [Not held (no conversation that day)] | E10: 0.54166667 | F10: 0.58333333 | G10: =IF('Time Spent'!$I$2="Best case",Meetings!L5,Meetings!K5) -> 0 | H10: =G10/60 -> 0 | I10: =TEXT(G10/1440,"h:mm") -> 0:00 | J10: =SUMIFS($G$2:$G$16,$A$2:$A$16,A10)/60 -> 0 | K10: Meetings row
A11: 46211 | B11: =TEXT(A11,"ddd") -> Wed | C11: Meeting-day minimum | D11: Top-up to the day minimum for a day with an actual meeting (0 unless the meeting qualifies) | G11: ='Daily Time'!F9 -> 0 | H11: =G11/60 -> 0 | I11: =TEXT(G11/1440,"h:mm") -> 0:00 | J11: =SUMIFS($G$2:$G$16,$A$2:$A$16,A11)/60 -> 0 | K11: Daily Time row
A12: 46212 | B12: =TEXT(A12,"ddd") -> Thu | C12: Unconfirmed item | D12: Gym block [Scheduled, no record] | E12: 0.70833333 | F12: 0.75 | G12: =IF('Time Spent'!$I$1="Yes",Meetings!G6,0) -> 0 | H12: =G12/60 -> 0 | I12: =TEXT(G12/1440,"h:mm") -> 0:00 | J12: =SUMIFS($G$2:$G$16,$A$2:$A$16,A12)/60 -> 0 | K12: Meetings row
A13: 46216 | B13: =TEXT(A13,"ddd") -> Mon | C13: Meeting | D13: Planning [Cancelled] | E13: 0.54166667 | F13: 0.5625 | G13: =IF('Time Spent'!$I$2="Best case",Meetings!L7,Meetings!K7) -> 0 | H13: =G13/60 -> 0 | I13: =TEXT(G13/1440,"h:mm") -> 0:00 | J13: =SUMIFS($G$2:$G$16,$A$2:$A$16,A13)/60 -> 0 | K13: Meetings row
A14: 46218 | B14: =TEXT(A14,"ddd") -> Wed | C14: Teams chat | D14: Weekly sync (2 messages, 1 mine) | E14: 0.54027778 | F14: 0.54236111 | G14: ='Teams Sessions'!H4 -> 15 | H14: =G14/60 -> 0.25 | I14: =TEXT(G14/1440,"h:mm") -> 0:15 | J14: =SUMIFS($G$2:$G$16,$A$2:$A$16,A14)/60 -> 4.25 | K14: Teams Messages row
A15: 46218 | B15: =TEXT(A15,"ddd") -> Wed | C15: Meeting | D15: Weekly sync [Held (Teams record + conversation)] | E15: 0.54166667 | F15: 0.58333333 | G15: =IF('Time Spent'!$I$2="Best case",Meetings!L8,Meetings!K8) -> 45 | H15: =G15/60 -> 0.75 | I15: =TEXT(G15/1440,"h:mm") -> 0:45 | J15: =SUMIFS($G$2:$G$16,$A$2:$A$16,A15)/60 -> 4.25 | K15: Meetings row
A16: 46218 | B16: =TEXT(A16,"ddd") -> Wed | C16: Meeting-day minimum | D16: Top-up to the day minimum for a day with an actual meeting (0 unless the meeting qualifies) | G16: ='Daily Time'!F16 -> 195 | H16: =G16/60 -> 3.25 | I16: =TEXT(G16/1440,"h:mm") -> 3:15 | J16: =SUMIFS($G$2:$G$16,$A$2:$A$16,A16)/60 -> 4.25 | K16: Daily Time row
A17: Total | G17: =SUM(G2:G16) -> 795 | H17: =G17/60 -> 13.25 | I17: =INT(G17/60)&":"&TEXT(MOD(G17,60),"00") -> 13:15
A18: Check vs Daily Time | G18: ='Daily Time'!H33 -> 795 | K18: =IF(ROUND(G17-G18,0)=0,"ties","MISMATCH") -> ties
A20: Every row is a formula over its source tab and follows the Time Spent settings. Click a Source cell to jump to the underlying row; click a day on Calendar View to land here.

Sheet Meetings
A1: Date | B1: Day | C1: Meeting | D1: Group | E1: Sched. start | F1: Sched. end | G1: Sched. min | H1: Status | I1: Teams actual (min) | J1: Evidence | K1: Counted min (logged) | L1: Best-case min (if held) | M1: Day minimum applies (logged) | N1: Day minimum applies (best case) | O1: Teams messages that day
A2: 46204 | B2: =TEXT(A2,"ddd") -> Wed | C2: Weekly sync | D2: Northwind work | E2: 0.54166667 | F2: 0.58333333 | G2: =ROUND((F2-E2)*1440,0) -> 60 | H2: Held (conversation that day) | J2: Outlook calendar (recurring) | K2: =IF(AND(D2="Northwind work",LEFT(H2,4)="Held",I2<>""),CEILING(MAX(I2,'Time Spent'!$I$3),'Time Spent'!$I$4),0) -> 0 | L2: =IF(D2<>"Northwind work",0,IF(OR(H2="Cancelled",H2="Likely not held (chat)"),0,IF(I2<>"",CEILING(MAX(I2,'Time Spent'!$I$3),'Time Spent'!$I$4),CEILING(MAX(G2,'Time Spent'!$I$3),'Time Spent'!$I$4)))) -> 60 | M2: =IF(AND(D2="Northwind work",LEFT(H2,4)="Held"),1,0) -> 1 | N2: =IF(L2>0,1,0) -> 1 | O2: =COUNTIFS('Teams Messages'!$A$2:$A$9,A2) -> 3
A3: 46205 | B3: =TEXT(A3,"ddd") -> Thu | C3: Gym block | D3: Unconfirmed (personal?) | E3: 0.70833333 | F3: 0.75 | G3: =ROUND((F3-E3)*1440,0) -> 60 | H3: Scheduled, no record | J3: Outlook calendar (recurring) | K3: =IF(AND(D3="Northwind work",LEFT(H3,4)="Held",I3<>""),CEILING(MAX(I3,'Time Spent'!$I$3),'Time Spent'!$I$4),0) -> 0 | L3: =IF(D3<>"Northwind work",0,IF(OR(H3="Cancelled",H3="Likely not held (chat)"),0,IF(I3<>"",CEILING(MAX(I3,'Time Spent'!$I$3),'Time Spent'!$I$4),CEILING(MAX(G3,'Time Spent'!$I$3),'Time Spent'!$I$4)))) -> 0 | M3: =IF(AND(D3="Northwind work",LEFT(H3,4)="Held"),1,0) -> 0 | N3: =IF(L3>0,1,0) -> 0 | O3: =COUNTIFS('Teams Messages'!$A$2:$A$9,A3) -> 0
A4: 46209 | B4: =TEXT(A4,"ddd") -> Mon | C4: Planning | D4: Northwind work | E4: 0.54166667 | F4: 0.5625 | G4: =ROUND((F4-E4)*1440,0) -> 30 | H4: Held (conversation that day) | J4: Outlook calendar (recurring) | K4: =IF(AND(D4="Northwind work",LEFT(H4,4)="Held",I4<>""),CEILING(MAX(I4,'Time Spent'!$I$3),'Time Spent'!$I$4),0) -> 0 | L4: =IF(D4<>"Northwind work",0,IF(OR(H4="Cancelled",H4="Likely not held (chat)"),0,IF(I4<>"",CEILING(MAX(I4,'Time Spent'!$I$3),'Time Spent'!$I$4),CEILING(MAX(G4,'Time Spent'!$I$3),'Time Spent'!$I$4)))) -> 30 | M4: =IF(AND(D4="Northwind work",LEFT(H4,4)="Held"),1,0) -> 1 | N4: =IF(L4>0,1,0) -> 1 | O4: =COUNTIFS('Teams Messages'!$A$2:$A$9,A4) -> 2
A5: 46211 | B5: =TEXT(A5,"ddd") -> Wed | C5: Weekly sync | D5: Northwind work | E5: 0.54166667 | F5: 0.58333333 | G5: =ROUND((F5-E5)*1440,0) -> 60 | H5: Not held (no conversation that day) | J5: Outlook calendar (recurring); rule: no Teams conversation that day = no meeting | K5: =IF(AND(D5="Northwind work",LEFT(H5,4)="Held",I5<>""),CEILING(MAX(I5,'Time Spent'!$I$3),'Time Spent'!$I$4),0) -> 0 | L5: =IF(D5<>"Northwind work",0,IF(OR(H5="Cancelled",H5="Likely not held (chat)"),0,IF(I5<>"",CEILING(MAX(I5,'Time Spent'!$I$3),'Time Spent'!$I$4),CEILING(MAX(G5,'Time Spent'!$I$3),'Time Spent'!$I$4)))) -> 60 | M5: =IF(AND(D5="Northwind work",LEFT(H5,4)="Held"),1,0) -> 0 | N5: =IF(L5>0,1,0) -> 1 | O5: =COUNTIFS('Teams Messages'!$A$2:$A$9,A5) -> 0
A6: 46212 | B6: =TEXT(A6,"ddd") -> Thu | C6: Gym block | D6: Unconfirmed (personal?) | E6: 0.70833333 | F6: 0.75 | G6: =ROUND((F6-E6)*1440,0) -> 60 | H6: Scheduled, no record | J6: Outlook calendar (recurring) | K6: =IF(AND(D6="Northwind work",LEFT(H6,4)="Held",I6<>""),CEILING(MAX(I6,'Time Spent'!$I$3),'Time Spent'!$I$4),0) -> 0 | L6: =IF(D6<>"Northwind work",0,IF(OR(H6="Cancelled",H6="Likely not held (chat)"),0,IF(I6<>"",CEILING(MAX(I6,'Time Spent'!$I$3),'Time Spent'!$I$4),CEILING(MAX(G6,'Time Spent'!$I$3),'Time Spent'!$I$4)))) -> 0 | M6: =IF(AND(D6="Northwind work",LEFT(H6,4)="Held"),1,0) -> 0 | N6: =IF(L6>0,1,0) -> 0 | O6: =COUNTIFS('Teams Messages'!$A$2:$A$9,A6) -> 1
A7: 46216 | B7: =TEXT(A7,"ddd") -> Mon | C7: Planning | D7: Northwind work | E7: 0.54166667 | F7: 0.5625 | G7: =ROUND((F7-E7)*1440,0) -> 30 | H7: Cancelled | J7: cancellation email | K7: =IF(AND(D7="Northwind work",LEFT(H7,4)="Held",I7<>""),CEILING(MAX(I7,'Time Spent'!$I$3),'Time Spent'!$I$4),0) -> 0 | L7: =IF(D7<>"Northwind work",0,IF(OR(H7="Cancelled",H7="Likely not held (chat)"),0,IF(I7<>"",CEILING(MAX(I7,'Time Spent'!$I$3),'Time Spent'!$I$4),CEILING(MAX(G7,'Time Spent'!$I$3),'Time Spent'!$I$4)))) -> 0 | M7: =IF(AND(D7="Northwind work",LEFT(H7,4)="Held"),1,0) -> 0 | N7: =IF(L7>0,1,0) -> 0 | O7: =COUNTIFS('Teams Messages'!$A$2:$A$9,A7) -> 0
A8: 46218 | B8: =TEXT(A8,"ddd") -> Wed | C8: Weekly sync | D8: Northwind work | E8: 0.54166667 | F8: 0.58333333 | G8: =ROUND((F8-E8)*1440,0) -> 60 | H8: Held (Teams record + conversation) | I8: 40 | J8: Teams: ended after 40m | K8: =IF(AND(D8="Northwind work",LEFT(H8,4)="Held",I8<>""),CEILING(MAX(I8,'Time Spent'!$I$3),'Time Spent'!$I$4),0) -> 45 | L8: =IF(D8<>"Northwind work",0,IF(OR(H8="Cancelled",H8="Likely not held (chat)"),0,IF(I8<>"",CEILING(MAX(I8,'Time Spent'!$I$3),'Time Spent'!$I$4),CEILING(MAX(G8,'Time Spent'!$I$3),'Time Spent'!$I$4)))) -> 45 | M8: =IF(AND(D8="Northwind work",LEFT(H8,4)="Held"),1,0) -> 1 | N8: =IF(L8>0,1,0) -> 1 | O8: =COUNTIFS('Teams Messages'!$A$2:$A$9,A8) -> 2
C10: Rule (teams_conversation_same_day): a scheduled meeting counts as held only if there was Teams conversation that day (Teams Messages tab); otherwise it is marked 'Not held (no conversation that day)', even when a Teams meeting card exists. Cancelled occurrences vanish from the calendar, so cancellations come from emails/chat. Times are America/New_York.
C11: Group 'Unconfirmed (personal?)' = recurring items that do not look like Northwind Trading Co. work. They are excluded from totals unless the toggle on Time Spent (I1) is Yes.

Sheet Teams Sessions
A1: Date | B1: Chat | C1: Start | D1: End | E1: Messages | F1: My messages | G1: Elapsed (min) | H1: Billed (min) | I1: Messages (click) | J1: Gap that splits sessions (min), applied when the workbook was built | K1: 20
A2: 46204 | B2: Riley Chen (1:1) | C2: 0.37847222 | D2: 0.38888889 | E2: 3 | F2: 1 | G2: =ROUND((D2-C2)*1440,0)+$K$2 -> 17 | H2: =CEILING(MAX(G2,'Time Spent'!$I$3),'Time Spent'!$I$4) -> 30 | I2: View messages | J2: Padding per session (min) | K2: 2
A3: 46209 | B3: Riley Chen (1:1) | C3: 0.41666667 | D3: 0.41805556 | E3: 2 | F3: 1 | G3: =ROUND((D3-C3)*1440,0)+$K$2 -> 4 | H3: =CEILING(MAX(G3,'Time Spent'!$I$3),'Time Spent'!$I$4) -> 15 | I3: View messages | J3: Counted only for sessions in which I posted
A4: 46218 | B4: Weekly sync | C4: 0.54027778 | D4: 0.54236111 | E4: 2 | F4: 1 | G4: =ROUND((D4-C4)*1440,0)+$K$2 -> 5 | H4: =CEILING(MAX(G4,'Time Spent'!$I$3),'Time Spent'!$I$4) -> 15 | I4: View messages | J4: Billed = elapsed raised to the minimum per lapse (Time Spent I3), rounded up to the increment (Time Spent I4)
A6: Total | E6: =SUM(E2:E4) -> 7 | F6: =SUM(F2:F4) -> 3 | G6: =SUM(G2:G4) -> 26 | H6: =SUM(H2:H4) -> 60
A8: Billed time = elapsed raised to the minimum billable lapse (Time Spent I3) and rounded up to the increment (I4). Elapsed is a proxy for effort: first to last message of a back-and-forth plus padding.

Sheet Teams Messages
A1: Date | B1: Time | C1: Chat | D1: Author | E1: Message | F1: Session (click)
A2: 46204 | B2: 0.37847222 | C2: Riley Chen (1:1) | D2: Riley | E2: Can you check ticket 4411 before the call? | F2: Session row 2
A3: 46204 | B3: 0.38055556 | C3: Riley Chen (1:1) | D3: Pat | E3: Looking now. | F3: Session row 2
A4: 46204 | B4: 0.38888889 | C4: Riley Chen (1:1) | D4: Riley | E4: The admin login is [REDACTED] please use it | F4: Session row 2
A5: 46209 | B5: 0.41666667 | C5: Riley Chen (1:1) | D5: Riley | E5: Planning at 1? | F5: Session row 3
A6: 46209 | B6: 0.41805556 | C6: Riley Chen (1:1) | D6: Pat | E6: Yes. | F6: Session row 3
A7: 46212 | B7: 0.625 | C7: Other chat | D7: Sam | E7: nothing from me here
A8: 46218 | B8: 0.54027778 | C8: Weekly sync | D8: Riley | E8: joining now | F8: Session row 4
A9: 46218 | B9: 0.54236111 | C9: Weekly sync | D9: Pat | E9: same | F9: Session row 4
A11: Every Teams message in the period for the included chats. Shaded rows are mine. Attachments and secrets are placeholders.

Sheet Tasks
A1: # | B1: Task | C1: Source | D1: Requested by | E1: Raised | F1: Status | G1: Est. low (h) | H1: Est. high (h) | I1: Est. likely (h) | J1: Basis for estimate | K1: Evidence
A2: 1 | B2: Fix tickets that re-open after closing | C2: Teams | D2: Riley | E2: 46204 | F2: Open | G2: 2 | H2: 4 | I2: =AVERAGE(G2:H2) -> 3 | J2: several instances | K2: Requested
A3: 2 | B3: Reduce alert noise | C3: Email alerts | D3: - | E3: 46205 | F3: Suggested, not requested | G3: 1 | H3: 2 | I3: =AVERAGE(G3:H3) -> 1.5 | J3: mail rules | K3: Suggested
B4: Total estimated effort (hours) | G4: =SUM(G2:G3) -> 3 | H4: =SUM(H2:H3) -> 6 | I4: =SUM(I2:I3) -> 4.5
B6: Hour ranges are estimates from the scope described in the messages, not tracked time. Yellow cells are inputs. 'Suggested' rows were not requested by the client.

Sheet Communications
A1: Date | B1: Time | C1: Channel | D1: Category | E1: From / Chat | F1: Subject / Author / Type | G1: Summary / Text | H1: My involvement
A2: 46204 | C2: Email | D2: Staff | E2: Riley Chen | F2: Weekly sync notes and open questions | H2: Recipient
A3: 46204 | B3: 0.37847222 | C3: Teams | D3: Chat | E3: Riley Chen (1:1) | F3: Riley | G3: Can you check ticket 4411 before the call? | H3: Participant
A4: 46204 | B4: 0.38055556 | C4: Teams | D4: Chat | E4: Riley Chen (1:1) | F4: Pat | G4: Looking now. | H4: Author
A5: 46204 | B5: 0.38888889 | C5: Teams | D5: Chat | E5: Riley Chen (1:1) | F5: Riley | G5: The admin login is [REDACTED] please use it | H5: Participant
A6: 46205 | C6: Email | D6: Related | E6: Pat Example | F6: Quote request for 5 licences | H6: Author (sent/draft)
A7: 46205 | C7: Email | D7: Alert / system | E7: noreply@northwind.example | F7: CPU alert | G7: CPU usage exceeds 90% threshold | H7: Recipient (automated)
A8: 46205 | C8: Email | D8: Alert / system | E8: noreply@northwind.example | F8: DB log alert | G8: Transaction log file size crossed threshold | H8: Recipient (automated)
A9: 46209 | B9: 0.41666667 | C9: Teams | D9: Chat | E9: Riley Chen (1:1) | F9: Riley | G9: Planning at 1? | H9: Participant
A10: 46209 | B10: 0.41805556 | C10: Teams | D10: Chat | E10: Riley Chen (1:1) | F10: Pat | G10: Yes. | H10: Author
A11: 46212 | B11: 0.625 | C11: Teams | D11: Chat | E11: Other chat | F11: Sam | G11: nothing from me here | H11: Participant
A12: 46218 | B12: 0.54027778 | C12: Teams | D12: Chat | E12: Weekly sync | F12: Riley | G12: joining now | H12: Participant
A13: 46218 | B13: 0.54236111 | C13: Teams | D13: Chat | E13: Weekly sync | F13: Pat | G13: same | H13: Author
A15: Email times are not recorded (list view only). Teams times are America/New_York. Secrets are redacted. Source: C:\Users\timot\Documents\projects\org-comms-export-skill\tests\out\./tree

Sheet Alert Rollup
A1: Alert type | B1: Jul 2026 | C1: Total
A2: CPU alert | B2: =COUNTIFS(Communications!$F$2:$F$13,$A2,Communications!$D$2:$D$13,"Alert / system",Communications!$A$2:$A$13,">=46204",Communications!$A$2:$A$13,"<=46234") -> 1 | C2: =SUM(B2:B2) -> 1
A3: DB log alert | B3: =COUNTIFS(Communications!$F$2:$F$13,$A3,Communications!$D$2:$D$13,"Alert / system",Communications!$A$2:$A$13,">=46204",Communications!$A$2:$A$13,"<=46234") -> 1 | C3: =SUM(B3:B3) -> 1
A4: Total | B4: =SUM(B2:B3) -> 2 | C4: =SUM(C2:C3) -> 2
